{
    "accuracy": 0.9908,
    "classification_report": {
        "0": {
            "precision": 0.9888551165146909,
            "recall": 0.9959183673469387,
            "f1-score": 0.9923741738688358,
            "support": 980.0
        },
        "1": {
            "precision": 0.9869565217391304,
            "recall": 1.0,
            "f1-score": 0.9934354485776805,
            "support": 1135.0
        },
        "2": {
            "precision": 0.9903381642512077,
            "recall": 0.9932170542635659,
            "f1-score": 0.9917755200774069,
            "support": 1032.0
        },
        "3": {
            "precision": 0.9930830039525692,
            "recall": 0.995049504950495,
            "f1-score": 0.9940652818991098,
            "support": 1010.0
        },
        "4": {
            "precision": 0.9908256880733946,
            "recall": 0.9898167006109979,
            "f1-score": 0.9903209373408048,
            "support": 982.0
        },
        "5": {
            "precision": 0.9921436588103255,
            "recall": 0.9910313901345291,
            "f1-score": 0.9915872125630959,
            "support": 892.0
        },
        "6": {
            "precision": 0.9947534102833159,
            "recall": 0.9895615866388309,
            "f1-score": 0.9921507064364207,
            "support": 958.0
        },
        "7": {
            "precision": 0.9873417721518988,
            "recall": 0.9863813229571985,
            "f1-score": 0.9868613138686131,
            "support": 1028.0
        },
        "8": {
            "precision": 0.9917269906928645,
            "recall": 0.9845995893223819,
            "f1-score": 0.9881504379185987,
            "support": 974.0
        },
        "9": {
            "precision": 0.9929789368104313,
            "recall": 0.981169474727453,
            "f1-score": 0.9870388833499502,
            "support": 1009.0
        },
        "accuracy": 0.9908,
        "macro avg": {
            "precision": 0.9909003263279829,
            "recall": 0.9906744990952392,
            "f1-score": 0.9907759915900515,
            "support": 10000.0
        },
        "weighted avg": {
            "precision": 0.9908118400204677,
            "recall": 0.9908,
            "f1-score": 0.9907939717295904,
            "support": 10000.0
        }
    }
}