{
    "accuracy": 0.9921,
    "classification_report": {
        "0": {
            "precision": 0.9898785425101214,
            "recall": 0.9979591836734694,
            "f1-score": 0.9939024390243902,
            "support": 980.0
        },
        "1": {
            "precision": 0.9956101843722563,
            "recall": 0.9991189427312775,
            "f1-score": 0.9973614775725593,
            "support": 1135.0
        },
        "2": {
            "precision": 0.9980525803310614,
            "recall": 0.9932170542635659,
            "f1-score": 0.9956289460903351,
            "support": 1032.0
        },
        "3": {
            "precision": 0.9980139026812314,
            "recall": 0.995049504950495,
            "f1-score": 0.9965294992563213,
            "support": 1010.0
        },
        "4": {
            "precision": 0.9868951612903226,
            "recall": 0.9969450101832994,
            "f1-score": 0.9918946301925026,
            "support": 982.0
        },
        "5": {
            "precision": 0.9822419533851277,
            "recall": 0.992152466367713,
            "f1-score": 0.9871723368655884,
            "support": 892.0
        },
        "6": {
            "precision": 0.9957939011566772,
            "recall": 0.988517745302714,
            "f1-score": 0.9921424829753798,
            "support": 958.0
        },
        "7": {
            "precision": 0.9873908826382153,
            "recall": 0.9902723735408561,
            "f1-score": 0.9888295288975231,
            "support": 1028.0
        },
        "8": {
            "precision": 0.9897540983606558,
            "recall": 0.9917864476386037,
            "f1-score": 0.9907692307692307,
            "support": 974.0
        },
        "9": {
            "precision": 0.9959514170040485,
            "recall": 0.9752229930624381,
            "f1-score": 0.985478217325989,
            "support": 1009.0
        },
        "accuracy": 0.9921,
        "macro avg": {
            "precision": 0.9919582623729719,
            "recall": 0.9920241721714431,
            "f1-score": 0.9919708788969819,
            "support": 10000.0
        },
        "weighted avg": {
            "precision": 0.9921317562559305,
            "recall": 0.9921,
            "f1-score": 0.9920957791684232,
            "support": 10000.0
        }
    }
}